{"cameraMode":{"drawMode":0,"name":"Shaded","section":"Shading Mode"},"sceneLighting":false,"audioPlay":false,"sceneViewState":{"showFog":true,"showMaterialUpdate":false,"showSkybox":false,"showFlares":true,"showImageEffects":true,"showParticleSystems":true},"in2DMode":false,"pivot":{"x":-0.07499998807907105,"y":-0.16250000894069673,"z":0.5},"rotation":{"x":-0.016799859702587129,"y":-0.033891692757606509,"z":0.0005657390574924648,"w":-0.9993064999580383},"size":0.9035520553588867,"orthographic":false}